cycle	commit	bugid	added	deleted	file
activemq-5.0.0-activemq-5.1.0	290f51a1eb3ad92b8d3413f07a7f27856d05980a	AMQ-1699	1	0	activemq-core/src/main/java/org/apache/activemq/broker/TransportConnector.java
activemq-5.0.0-activemq-5.1.0	5a27904d1d3279667254f4c51cd52489d29e2bc4	AMQ-1705	7	2	activemq-core/src/main/java/org/apache/activemq/broker/region/AbstractRegion.java
activemq-5.0.0-activemq-5.1.0	824831420429f814491cd198f56e00506dec0bff	AMQ-1542	1	2	activemq-core/src/main/java/org/apache/activemq/network/DemandForwardingBridgeSupport.java
activemq-5.0.0-activemq-5.1.0	824831420429f814491cd198f56e00506dec0bff	AMQ-1542	8	3	activemq-core/src/main/java/org/apache/activemq/util/IntrospectionSupport.java
activemq-5.0.0-activemq-5.1.0	a61e5bce1761f7f36eccaecce878e275186e0fac	AMQ-1509	0	4	activemq-core/src/main/java/org/apache/activemq/network/ConduitBridge.java
activemq-5.0.0-activemq-5.1.0	a61e5bce1761f7f36eccaecce878e275186e0fac	AMQ-1509	1	0	activemq-core/src/main/java/org/apache/activemq/network/DemandSubscription.java
activemq-5.0.0-activemq-5.1.0	7a238556e38924e679e3fa25dbc7857b040e056a	AMQ-1698	2	2	activemq-core/src/main/java/org/apache/activemq/transport/InactivityMonitor.java
activemq-5.0.0-activemq-5.1.0	b35bc797ecef9232235031478b13c72fb5345c24	AMQ-1702	14	5	activemq-core/src/main/java/org/apache/activemq/store/jdbc/DefaultDatabaseLocker.java
activemq-5.0.0-activemq-5.1.0	9341f1644234ef233d6762a91b7a298c361ec619	AMQ-1701	2	2	activemq-core/src/main/java/org/apache/activemq/kaha/impl/async/DataFile.java
activemq-5.0.0-activemq-5.1.0	aa62069349e7a38fb0f07d935c9130c099f6a958	AMQ-1696	1	1	activemq-ra/src/main/java/org/apache/activemq/ra/ActiveMQConnectionSupport.java
activemq-5.0.0-activemq-5.1.0	aa62069349e7a38fb0f07d935c9130c099f6a958	AMQ-1696	19	3	activemq-ra/src/main/java/org/apache/activemq/ra/ActiveMQResourceAdapter.java
activemq-5.0.0-activemq-5.1.0	e54a1261d53b078345852354bfed983c8abd0985	AMQ-1098	34	0	activemq-optional/src/main/java/org/apache/activemq/transport/https/HttpsClientTransport.java
activemq-5.0.0-activemq-5.1.0	e54a1261d53b078345852354bfed983c8abd0985	AMQ-1098	1	1	activemq-optional/src/main/java/org/apache/activemq/transport/https/HttpsTransportFactory.java
activemq-5.0.0-activemq-5.1.0	d8be50b617914487f3f84eeae2201ad684f1a7a4	AMQ-1686	14	15	activemq-core/src/main/java/org/apache/activemq/thread/PooledTaskRunner.java
activemq-5.0.0-activemq-5.1.0	d8be50b617914487f3f84eeae2201ad684f1a7a4	AMQ-1686	60	0	activemq-core/src/test/java/org/apache/activemq/thread/PooledTaskRunnerTest.java
activemq-5.0.0-activemq-5.1.0	44e0eaf1f4de3e020cb07ae20317f8bd8ea3c65f	AMQ-1681	10	11	activemq-core/src/main/java/org/apache/activemq/broker/region/Queue.java
activemq-5.0.0-activemq-5.1.0	44e0eaf1f4de3e020cb07ae20317f8bd8ea3c65f	AMQ-1681	3	3	activemq-core/src/main/java/org/apache/activemq/broker/region/TempQueue.java
activemq-5.0.0-activemq-5.1.0	44e0eaf1f4de3e020cb07ae20317f8bd8ea3c65f	AMQ-1681	1	1	activemq-core/src/main/java/org/apache/activemq/broker/region/TempTopic.java
activemq-5.0.0-activemq-5.1.0	44e0eaf1f4de3e020cb07ae20317f8bd8ea3c65f	AMQ-1681	5	6	activemq-core/src/main/java/org/apache/activemq/broker/region/Topic.java
activemq-5.0.0-activemq-5.1.0	cd1b1d661dd5676ea5be18fa8d8f9ae63b5ed558	AMQ-1685	3	5	assembly/src/release/bin/activemq
activemq-5.0.0-activemq-5.1.0	cd1b1d661dd5676ea5be18fa8d8f9ae63b5ed558	AMQ-1685	26	18	assembly/src/release/bin/activemq-admin
activemq-5.0.0-activemq-5.1.0	cd1b1d661dd5676ea5be18fa8d8f9ae63b5ed558	AMQ-1685	19	5	assembly/src/release/bin/activemq-admin.bat
activemq-5.0.0-activemq-5.1.0	cd1b1d661dd5676ea5be18fa8d8f9ae63b5ed558	AMQ-1685	2	7	assembly/src/release/bin/activemq.bat
activemq-5.0.0-activemq-5.1.0	d3ebc9cd212b4048e4875ccbcd08bef29d414463	AMQ-1683	0	2	activemq-core/src/main/java/org/apache/activemq/broker/region/cursors/StoreDurableSubscriberCursor.java
activemq-5.0.0-activemq-5.1.0	d3ebc9cd212b4048e4875ccbcd08bef29d414463	AMQ-1683	63	41	activemq-core/src/main/java/org/apache/activemq/kaha/impl/index/hash/HashBin.java
activemq-5.0.0-activemq-5.1.0	d3ebc9cd212b4048e4875ccbcd08bef29d414463	AMQ-1683	6	0	activemq-core/src/main/java/org/apache/activemq/kaha/impl/index/hash/HashIndex.java
activemq-5.0.0-activemq-5.1.0	d3ebc9cd212b4048e4875ccbcd08bef29d414463	AMQ-1683	2	1	activemq-core/src/main/java/org/apache/activemq/kaha/impl/index/hash/HashPageInfo.java
activemq-5.0.0-activemq-5.1.0	d3ebc9cd212b4048e4875ccbcd08bef29d414463	AMQ-1683	1	1	activemq-core/src/main/java/org/apache/activemq/store/kahadaptor/KahaReferenceStoreAdapter.java
activemq-5.0.0-activemq-5.1.0	d3ebc9cd212b4048e4875ccbcd08bef29d414463	AMQ-1683	4	2	activemq-core/src/main/java/org/apache/activemq/store/kahadaptor/KahaTopicReferenceStore.java
activemq-5.0.0-activemq-5.1.0	d3ebc9cd212b4048e4875ccbcd08bef29d414463	AMQ-1683	5	0	activemq-core/src/main/java/org/apache/activemq/util/LinkedNode.java
activemq-5.0.0-activemq-5.1.0	620b657216d73490b00d3fa2dfb69ce7edbb11d7	AMQ-1654	10	0	activemq-core/src/main/java/org/apache/activemq/broker/BrokerService.java
activemq-5.0.0-activemq-5.1.0	620b657216d73490b00d3fa2dfb69ce7edbb11d7	AMQ-1654	19	17	activemq-core/src/main/java/org/apache/activemq/broker/region/virtual/MirroredQueue.java
activemq-5.0.0-activemq-5.1.0	18f97733267bc32ec18b5038ca618363daf2f4c2	AMQ-1678	2	2	activemq-core/src/main/java/org/apache/activemq/broker/region/BaseDestination.java
activemq-5.0.0-activemq-5.1.0	18f97733267bc32ec18b5038ca618363daf2f4c2	AMQ-1678	25	18	activemq-core/src/main/java/org/apache/activemq/broker/region/Queue.java
activemq-5.0.0-activemq-5.1.0	18f97733267bc32ec18b5038ca618363daf2f4c2	AMQ-1678	0	1	activemq-core/src/test/java/org/apache/activemq/JmsQueueBrowserTest.java
activemq-5.0.0-activemq-5.1.0	18f97733267bc32ec18b5038ca618363daf2f4c2	AMQ-1678	12	15	activemq-core/src/test/java/org/apache/activemq/broker/jmx/MBeanTest.java
activemq-5.0.0-activemq-5.1.0	464402cd0e319f030595a1d206864d22d1f1d183	AMQ-1200	2	0	activemq-ra/pom.xml
activemq-5.0.0-activemq-5.1.0	464402cd0e319f030595a1d206864d22d1f1d183	AMQ-1200	1	1	activemq-ra/src/main/java/org/apache/activemq/ra/ActiveMQEndpointActivationKey.java
activemq-5.0.0-activemq-5.1.0	464402cd0e319f030595a1d206864d22d1f1d183	AMQ-1200	5	0	activemq-ra/src/main/java/org/apache/activemq/ra/ServerSessionImpl.java
activemq-5.0.0-activemq-5.1.0	464402cd0e319f030595a1d206864d22d1f1d183	AMQ-1200	15	14	activemq-ra/src/test/java/org/apache/activemq/ra/ActiveMQAsfEndpointWorkerTest.java
activemq-5.0.0-activemq-5.1.0	464402cd0e319f030595a1d206864d22d1f1d183	AMQ-1200	70	1	activemq-ra/src/test/java/org/apache/activemq/ra/ServerSessionImplTest.java
activemq-5.0.0-activemq-5.1.0	35635f925d75a78552a8e05fe3f6d0751d565952	AMQ-1667	2	2	activemq-core/src/main/java/org/apache/activemq/kaha/impl/index/hash/HashIndex.java
activemq-5.0.0-activemq-5.1.0	35635f925d75a78552a8e05fe3f6d0751d565952	AMQ-1667	1	14	activemq-core/src/main/java/org/apache/activemq/kaha/impl/index/hash/HashPage.java
activemq-5.0.0-activemq-5.1.0	35635f925d75a78552a8e05fe3f6d0751d565952	AMQ-1667	2	2	activemq-core/src/main/java/org/apache/activemq/kaha/impl/index/hash/HashPageInfo.java
activemq-5.0.0-activemq-5.1.0	16f2d753e8f96c35910971c5994c9f84778f63ba	AMQ-1672	4	0	activemq-core/src/main/java/org/apache/activemq/broker/BrokerService.java
activemq-5.0.0-activemq-5.1.0	16f2d753e8f96c35910971c5994c9f84778f63ba	AMQ-1672	4	0	activemq-core/src/main/java/org/apache/activemq/broker/region/AbstractRegion.java
activemq-5.0.0-activemq-5.1.0	16f2d753e8f96c35910971c5994c9f84778f63ba	AMQ-1672	1	6	activemq-core/src/main/java/org/apache/activemq/broker/region/AbstractSubscription.java
activemq-5.0.0-activemq-5.1.0	16f2d753e8f96c35910971c5994c9f84778f63ba	AMQ-1672	7	0	activemq-core/src/main/java/org/apache/activemq/broker/region/CompositeDestinationInterceptor.java
activemq-5.0.0-activemq-5.1.0	16f2d753e8f96c35910971c5994c9f84778f63ba	AMQ-1672	0	2	activemq-core/src/main/java/org/apache/activemq/broker/region/DestinationFilter.java
activemq-5.0.0-activemq-5.1.0	16f2d753e8f96c35910971c5994c9f84778f63ba	AMQ-1672	2	0	activemq-core/src/main/java/org/apache/activemq/broker/region/DestinationInterceptor.java
activemq-5.0.0-activemq-5.1.0	16f2d753e8f96c35910971c5994c9f84778f63ba	AMQ-1672	13	12	activemq-core/src/main/java/org/apache/activemq/broker/region/DurableTopicSubscription.java
activemq-5.0.0-activemq-5.1.0	16f2d753e8f96c35910971c5994c9f84778f63ba	AMQ-1672	11	6	activemq-core/src/main/java/org/apache/activemq/broker/region/PrefetchSubscription.java
activemq-5.0.0-activemq-5.1.0	16f2d753e8f96c35910971c5994c9f84778f63ba	AMQ-1672	2	4	activemq-core/src/main/java/org/apache/activemq/broker/region/QueueBrowserSubscription.java
activemq-5.0.0-activemq-5.1.0	16f2d753e8f96c35910971c5994c9f84778f63ba	AMQ-1672	3	10	activemq-core/src/main/java/org/apache/activemq/broker/region/QueueRegion.java
activemq-5.0.0-activemq-5.1.0	16f2d753e8f96c35910971c5994c9f84778f63ba	AMQ-1672	2	5	activemq-core/src/main/java/org/apache/activemq/broker/region/QueueSubscription.java
activemq-5.0.0-activemq-5.1.0	16f2d753e8f96c35910971c5994c9f84778f63ba	AMQ-1672	2	10	activemq-core/src/main/java/org/apache/activemq/broker/region/TempQueueRegion.java
activemq-5.0.0-activemq-5.1.0	16f2d753e8f96c35910971c5994c9f84778f63ba	AMQ-1672	1	3	activemq-core/src/main/java/org/apache/activemq/broker/region/TempTopicRegion.java
activemq-5.0.0-activemq-5.1.0	16f2d753e8f96c35910971c5994c9f84778f63ba	AMQ-1672	3	10	activemq-core/src/main/java/org/apache/activemq/broker/region/TopicRegion.java
activemq-5.0.0-activemq-5.1.0	16f2d753e8f96c35910971c5994c9f84778f63ba	AMQ-1672	2	5	activemq-core/src/main/java/org/apache/activemq/broker/region/TopicSubscription.java
activemq-5.0.0-activemq-5.1.0	16f2d753e8f96c35910971c5994c9f84778f63ba	AMQ-1672	4	0	activemq-core/src/main/java/org/apache/activemq/broker/region/virtual/CompositeDestination.java
activemq-5.0.0-activemq-5.1.0	16f2d753e8f96c35910971c5994c9f84778f63ba	AMQ-1672	1	0	activemq-core/src/main/java/org/apache/activemq/broker/region/virtual/CompositeQueue.java
activemq-5.0.0-activemq-5.1.0	16f2d753e8f96c35910971c5994c9f84778f63ba	AMQ-1672	17	0	activemq-core/src/main/java/org/apache/activemq/broker/region/virtual/MirroredQueue.java
activemq-5.0.0-activemq-5.1.0	16f2d753e8f96c35910971c5994c9f84778f63ba	AMQ-1672	5	1	activemq-core/src/main/java/org/apache/activemq/broker/region/virtual/VirtualDestinationInterceptor.java
activemq-5.0.0-activemq-5.1.0	16f2d753e8f96c35910971c5994c9f84778f63ba	AMQ-1672	4	0	activemq-core/src/main/java/org/apache/activemq/broker/region/virtual/VirtualTopic.java
activemq-5.0.0-activemq-5.1.0	16f2d753e8f96c35910971c5994c9f84778f63ba	AMQ-1672	7	6	activemq-core/src/test/java/org/apache/activemq/advisory/TempDestLoadTest.java
activemq-5.0.0-activemq-5.1.0	16f2d753e8f96c35910971c5994c9f84778f63ba	AMQ-1672	1	1	activemq-core/src/test/java/org/apache/activemq/advisory/TempQueueMemoryTest.java
activemq-5.0.0-activemq-5.1.0	16f2d753e8f96c35910971c5994c9f84778f63ba	AMQ-1672	17	1	activemq-core/src/test/java/org/apache/activemq/broker/virtual/MirroredQueueTest.java
activemq-5.0.0-activemq-5.1.0	54a93378acfcd949d723b74a22f19fb080974e4f	AMQ-1674	1	2	activemq-core/src/main/java/org/apache/activemq/store/kahadaptor/KahaReferenceStore.java
activemq-5.0.0-activemq-5.1.0	5d99c99ab72fb500d66e07fe346dfd64ce7460ac	AMQ-1670	4	6	activemq-core/src/main/java/org/apache/activemq/broker/BrokerService.java
activemq-5.0.0-activemq-5.1.0	5d99c99ab72fb500d66e07fe346dfd64ce7460ac	AMQ-1670	1	1	activemq-core/src/main/java/org/apache/activemq/broker/SslBrokerService.java
activemq-5.0.0-activemq-5.1.0	5d99c99ab72fb500d66e07fe346dfd64ce7460ac	AMQ-1670	0	1	activemq-core/src/main/java/org/apache/activemq/broker/TransportConnection.java
activemq-5.0.0-activemq-5.1.0	5d99c99ab72fb500d66e07fe346dfd64ce7460ac	AMQ-1670	62	68	activemq-core/src/main/java/org/apache/activemq/broker/TransportConnector.java
activemq-5.0.0-activemq-5.1.0	5d99c99ab72fb500d66e07fe346dfd64ce7460ac	AMQ-1670	2	2	activemq-core/src/main/java/org/apache/activemq/broker/jmx/ManagedTransportConnector.java
activemq-5.0.0-activemq-5.1.0	5d99c99ab72fb500d66e07fe346dfd64ce7460ac	AMQ-1670	1	1	activemq-core/src/main/java/org/apache/activemq/proxy/ProxyConnector.java
activemq-5.0.0-activemq-5.1.0	5d99c99ab72fb500d66e07fe346dfd64ce7460ac	AMQ-1670	13	6	activemq-core/src/main/java/org/apache/activemq/transport/TransportFactory.java
activemq-5.0.0-activemq-5.1.0	5d99c99ab72fb500d66e07fe346dfd64ce7460ac	AMQ-1670	1	1	activemq-core/src/main/java/org/apache/activemq/transport/discovery/DiscoveryTransportFactory.java
activemq-5.0.0-activemq-5.1.0	5d99c99ab72fb500d66e07fe346dfd64ce7460ac	AMQ-1670	1	1	activemq-core/src/main/java/org/apache/activemq/transport/failover/FailoverTransportFactory.java
activemq-5.0.0-activemq-5.1.0	5d99c99ab72fb500d66e07fe346dfd64ce7460ac	AMQ-1670	1	1	activemq-core/src/main/java/org/apache/activemq/transport/fanout/FanoutTransportFactory.java
activemq-5.0.0-activemq-5.1.0	5d99c99ab72fb500d66e07fe346dfd64ce7460ac	AMQ-1670	1	1	activemq-core/src/main/java/org/apache/activemq/transport/mock/MockTransportFactory.java
activemq-5.0.0-activemq-5.1.0	5d99c99ab72fb500d66e07fe346dfd64ce7460ac	AMQ-1670	1	1	activemq-core/src/main/java/org/apache/activemq/transport/peer/PeerTransportFactory.java
activemq-5.0.0-activemq-5.1.0	5d99c99ab72fb500d66e07fe346dfd64ce7460ac	AMQ-1670	1	1	activemq-core/src/main/java/org/apache/activemq/transport/tcp/SslTransportFactory.java
activemq-5.0.0-activemq-5.1.0	5d99c99ab72fb500d66e07fe346dfd64ce7460ac	AMQ-1670	1	1	activemq-core/src/main/java/org/apache/activemq/transport/tcp/TcpTransportFactory.java
activemq-5.0.0-activemq-5.1.0	5d99c99ab72fb500d66e07fe346dfd64ce7460ac	AMQ-1670	1	1	activemq-core/src/main/java/org/apache/activemq/transport/udp/UdpTransportFactory.java
activemq-5.0.0-activemq-5.1.0	5d99c99ab72fb500d66e07fe346dfd64ce7460ac	AMQ-1670	3	2	activemq-core/src/main/java/org/apache/activemq/transport/vm/VMTransportFactory.java
activemq-5.0.0-activemq-5.1.0	5d99c99ab72fb500d66e07fe346dfd64ce7460ac	AMQ-1670	0	1	activemq-core/src/test/java/org/apache/activemq/AMQDeadlockTest3.java
activemq-5.0.0-activemq-5.1.0	5d99c99ab72fb500d66e07fe346dfd64ce7460ac	AMQ-1670	2	2	activemq-core/src/test/java/org/apache/activemq/ClientTestSupport.java
activemq-5.0.0-activemq-5.1.0	5d99c99ab72fb500d66e07fe346dfd64ce7460ac	AMQ-1670	17	18	activemq-core/src/test/java/org/apache/activemq/network/NetworkTestSupport.java
activemq-5.0.0-activemq-5.1.0	5d99c99ab72fb500d66e07fe346dfd64ce7460ac	AMQ-1670	1	1	activemq-core/src/test/java/org/apache/activemq/transport/tcp/InactivityMonitorTest.java
activemq-5.0.0-activemq-5.1.0	5d99c99ab72fb500d66e07fe346dfd64ce7460ac	AMQ-1670	1	1	activemq-core/src/test/java/org/apache/activemq/transport/tcp/SslTransportFactoryTest.java
activemq-5.0.0-activemq-5.1.0	5d99c99ab72fb500d66e07fe346dfd64ce7460ac	AMQ-1670	1	1	activemq-core/src/test/java/org/apache/activemq/transport/tcp/WireformatNegociationTest.java
activemq-5.0.0-activemq-5.1.0	5d99c99ab72fb500d66e07fe346dfd64ce7460ac	AMQ-1670	1	1	activemq-core/src/test/java/org/apache/activemq/transport/udp/UdpTransportUsingServerTest.java
activemq-5.0.0-activemq-5.1.0	5d99c99ab72fb500d66e07fe346dfd64ce7460ac	AMQ-1670	0	1	activemq-core/src/test/java/org/apache/activemq/usecases/AMQDeadlockTestW4Brokers.java
activemq-5.0.0-activemq-5.1.0	5d99c99ab72fb500d66e07fe346dfd64ce7460ac	AMQ-1670	0	1	activemq-core/src/test/java/org/apache/activemq/usecases/AMQFailoverIssue.java
activemq-5.0.0-activemq-5.1.0	5d99c99ab72fb500d66e07fe346dfd64ce7460ac	AMQ-1670	0	1	activemq-core/src/test/java/org/apache/activemq/usecases/AMQStackOverFlowTest.java
activemq-5.0.0-activemq-5.1.0	18aa1596a23204ee633ace18b63e8d2323c389b1	AMQ-1666	1	0	activemq-core/src/main/java/org/apache/activemq/transport/vm/VMTransportFactory.java
activemq-5.0.0-activemq-5.1.0	9034af7cf40820c73634c654b0400c33edb3d7d3	AMQ-1669	3	3	activemq-core/src/main/java/org/apache/activemq/kaha/impl/async/AsyncDataManager.java
activemq-5.0.0-activemq-5.1.0	8733d172ae5eeb0ce7b3d3b961901588d717d332	AMQ-765	2	2	activemq-ra/pom.xml
activemq-5.0.0-activemq-5.1.0	8733d172ae5eeb0ce7b3d3b961901588d717d332	AMQ-765	11	8	activemq-ra/src/main/java/org/apache/activemq/ra/ActiveMQConnectionFactory.java
activemq-5.0.0-activemq-5.1.0	8733d172ae5eeb0ce7b3d3b961901588d717d332	AMQ-765	7	2	activemq-ra/src/main/java/org/apache/activemq/ra/ActiveMQConnectionRequestInfo.java
activemq-5.0.0-activemq-5.1.0	8733d172ae5eeb0ce7b3d3b961901588d717d332	AMQ-765	388	0	activemq-ra/src/main/java/org/apache/activemq/ra/ActiveMQConnectionSupport.java
activemq-5.0.0-activemq-5.1.0	8733d172ae5eeb0ce7b3d3b961901588d717d332	AMQ-765	86	240	activemq-ra/src/main/java/org/apache/activemq/ra/ActiveMQManagedConnectionFactory.java
activemq-5.0.0-activemq-5.1.0	8733d172ae5eeb0ce7b3d3b961901588d717d332	AMQ-765	10	314	activemq-ra/src/main/java/org/apache/activemq/ra/ActiveMQResourceAdapter.java
activemq-5.0.0-activemq-5.1.0	8733d172ae5eeb0ce7b3d3b961901588d717d332	AMQ-765	0	13	activemq-ra/src/main/java/org/apache/activemq/ra/MessageResourceAdapter.java
activemq-5.0.0-activemq-5.1.0	8733d172ae5eeb0ce7b3d3b961901588d717d332	AMQ-765	76	0	activemq-ra/src/test/java/org/apache/activemq/ra/ActiveMQConnectionFactoryTest.java
activemq-5.0.0-activemq-5.1.0	8733d172ae5eeb0ce7b3d3b961901588d717d332	AMQ-765	37	25	activemq-ra/src/test/java/org/apache/activemq/ra/ManagedConnectionFactoryTest.java
activemq-5.0.0-activemq-5.1.0	8733d172ae5eeb0ce7b3d3b961901588d717d332	AMQ-765	3	25	activemq-ra/src/test/java/org/apache/activemq/ra/ManagedConnectionTest.java
activemq-5.0.0-activemq-5.1.0	ed91722787c2f3d353db66e86a7a8f5c0ab3b1a9	AMQ-1650	1	1	activemq-core/src/main/java/org/apache/activemq/store/amq/AMQPersistenceAdapter.java
activemq-5.0.0-activemq-5.1.0	08393aa269f52e346048e611cb74d5602c566768	AMQ-1438	21	0	activemq-core/src/test/java/org/apache/activemq/ActiveMQXAConnectionFactoryTest.java
activemq-5.0.0-activemq-5.1.0	931ed7673d00bf890131ed284f9ce8f81b50af93	AMQ-1255	16	9	activemq-core/src/main/java/org/apache/activemq/advisory/AdvisoryBroker.java
activemq-5.0.0-activemq-5.1.0	931ed7673d00bf890131ed284f9ce8f81b50af93	AMQ-1255	42	30	activemq-core/src/main/java/org/apache/activemq/broker/region/AbstractRegion.java
activemq-5.0.0-activemq-5.1.0	931ed7673d00bf890131ed284f9ce8f81b50af93	AMQ-1255	10	6	activemq-core/src/main/java/org/apache/activemq/broker/region/TopicRegion.java
activemq-5.0.0-activemq-5.1.0	bff39c565b3f0613427ce235b0533aa7b82669c4	AMQ-1255	111	0	activemq-core/src/test/java/org/apache/activemq/advisory/TempQueueMemoryTest.java
activemq-5.0.0-activemq-5.1.0	1da24aafe167bbc8f2cc61c8db059e70e766f05c	AMQ-1659	5	2	activemq-core/src/main/java/org/apache/activemq/transport/tcp/SslTransportServer.java
activemq-5.0.0-activemq-5.1.0	1da24aafe167bbc8f2cc61c8db059e70e766f05c	AMQ-1659	27	21	activemq-core/src/test/java/org/apache/activemq/transport/tcp/SslTransportServerTest.java
activemq-5.0.0-activemq-5.1.0	507ef42e593397c5295a46fa99ca6b9d0a4e3806	AMQ-1489	5	0	activemq-core/src/main/java/org/apache/activemq/transport/discovery/multicast/MulticastDiscoveryAgentFactory.java
activemq-5.0.0-activemq-5.1.0	dfcf776e5d357953b95081385676b41a42ac8431	AMQ-1656	5	0	activemq-core/src/main/java/org/apache/activemq/broker/Broker.java
activemq-5.0.0-activemq-5.1.0	dfcf776e5d357953b95081385676b41a42ac8431	AMQ-1656	4	0	activemq-core/src/main/java/org/apache/activemq/broker/BrokerFilter.java
activemq-5.0.0-activemq-5.1.0	dfcf776e5d357953b95081385676b41a42ac8431	AMQ-1656	4	0	activemq-core/src/main/java/org/apache/activemq/broker/EmptyBroker.java
activemq-5.0.0-activemq-5.1.0	dfcf776e5d357953b95081385676b41a42ac8431	AMQ-1656	4	0	activemq-core/src/main/java/org/apache/activemq/broker/ErrorBroker.java
activemq-5.0.0-activemq-5.1.0	dfcf776e5d357953b95081385676b41a42ac8431	AMQ-1656	4	0	activemq-core/src/main/java/org/apache/activemq/broker/MutableBrokerFilter.java
activemq-5.0.0-activemq-5.1.0	dfcf776e5d357953b95081385676b41a42ac8431	AMQ-1656	7	1	activemq-core/src/main/java/org/apache/activemq/broker/region/BaseDestination.java
activemq-5.0.0-activemq-5.1.0	dfcf776e5d357953b95081385676b41a42ac8431	AMQ-1656	1	1	activemq-core/src/main/java/org/apache/activemq/broker/region/Queue.java
activemq-5.0.0-activemq-5.1.0	dfcf776e5d357953b95081385676b41a42ac8431	AMQ-1656	9	2	activemq-core/src/main/java/org/apache/activemq/broker/region/RegionBroker.java
activemq-5.0.0-activemq-5.1.0	dfcf776e5d357953b95081385676b41a42ac8431	AMQ-1656	1	0	activemq-core/src/main/java/org/apache/activemq/broker/region/Topic.java
activemq-5.0.0-activemq-5.1.0	dfcf776e5d357953b95081385676b41a42ac8431	AMQ-1656	4	0	activemq-core/src/test/java/org/apache/activemq/broker/StubBroker.java
activemq-5.0.0-activemq-5.1.0	520a2ded04cb1fcea242c760c94e5647579bce1a	AMQ-1465	7	1	activemq-core/src/main/java/org/apache/activemq/network/DiscoveryNetworkConnector.java
activemq-5.0.0-activemq-5.1.0	520a2ded04cb1fcea242c760c94e5647579bce1a	AMQ-1465	22	12	activemq-core/src/main/java/org/apache/activemq/network/LdapNetworkConnector.java
activemq-5.0.0-activemq-5.1.0	520a2ded04cb1fcea242c760c94e5647579bce1a	AMQ-1465	6	1	activemq-core/src/main/java/org/apache/activemq/network/MulticastNetworkConnector.java
activemq-5.0.0-activemq-5.1.0	520a2ded04cb1fcea242c760c94e5647579bce1a	AMQ-1465	4	1	activemq-core/src/main/java/org/apache/activemq/network/NetworkBridgeConfiguration.java
activemq-5.0.0-activemq-5.1.0	520a2ded04cb1fcea242c760c94e5647579bce1a	AMQ-1465	1	2	activemq-core/src/main/java/org/apache/activemq/network/NetworkConnector.java
activemq-5.0.0-activemq-5.1.0	acf453b46a7fcb03a59af99142eec8a9a7ee6be1	AMQ-1345	0	2	activemq-ra/src/main/java/org/apache/activemq/ra/MessageResourceAdapter.java
activemq-5.0.0-activemq-5.1.0	aba1195cc5bb7f78a8cf896c8dcdec4369b0a3a4	AMQ-1623	3	0	activemq-core/src/main/java/org/apache/activemq/kaha/impl/container/ContainerKeySetIterator.java
activemq-5.0.0-activemq-5.1.0	aba1195cc5bb7f78a8cf896c8dcdec4369b0a3a4	AMQ-1623	7	1	activemq-core/src/main/java/org/apache/activemq/store/kahadaptor/KahaReferenceStore.java
activemq-5.0.0-activemq-5.1.0	aba1195cc5bb7f78a8cf896c8dcdec4369b0a3a4	AMQ-1623	19	0	activemq-core/src/main/java/org/apache/activemq/store/kahadaptor/KahaTopicReferenceStore.java
activemq-5.0.0-activemq-5.1.0	6b6cdaee344b3dae577b627aaa109655d7a72a28	AMQ-1488	18	8	activemq-core/src/main/java/org/apache/activemq/transport/failover/FailoverTransport.java
activemq-5.0.0-activemq-5.1.0	50bc597fa8a90e109168b14933866d1736b776b0	AMQ-1651	1	1	activemq-core/src/main/java/org/apache/activemq/ActiveMQSession.java
activemq-5.0.0-activemq-5.1.0	4acbd5900af4850b6b0f30e79f5f6bac29fa3dea	AMQ-1456	31	0	activemq-core/src/main/java/org/apache/activemq/network/jms/JmsConnector.java
activemq-5.0.0-activemq-5.1.0	4acbd5900af4850b6b0f30e79f5f6bac29fa3dea	AMQ-1456	6	0	activemq-core/src/main/java/org/apache/activemq/network/jms/JmsQueueConnector.java
activemq-5.0.0-activemq-5.1.0	4acbd5900af4850b6b0f30e79f5f6bac29fa3dea	AMQ-1456	6	0	activemq-core/src/main/java/org/apache/activemq/network/jms/JmsTopicConnector.java
activemq-5.0.0-activemq-5.1.0	3ee5854e9042102c39d4c612ae20bfdaac02dfe9	AMQ-1487	1	1	activemq-core/src/main/java/org/apache/activemq/ActiveMQSession.java
activemq-5.0.0-activemq-5.1.0	60bcc521a74a8d4104ea9e4f010d6ff67758cde1	AMQ-1315	1	1	activemq-web-console/src/main/webapp/queues.jsp
activemq-5.0.0-activemq-5.1.0	60bcc521a74a8d4104ea9e4f010d6ff67758cde1	AMQ-1315	43	85	activemq-web/src/main/java/org/apache/activemq/web/QueueBrowseServlet.java
activemq-5.0.0-activemq-5.1.0	60bcc521a74a8d4104ea9e4f010d6ff67758cde1	AMQ-1315	1	1	activemq-web/src/main/java/org/apache/activemq/web/view/RssMessageRenderer.java
activemq-5.0.0-activemq-5.1.0	cec77fd12a05d9f20688cc61ebca80c38406d512	AMQ-1451	4	3	activemq-core/src/main/java/org/apache/activemq/transport/failover/FailoverTransport.java
activemq-5.0.0-activemq-5.1.0	d11480f42c5352f1a59cd2db294fcad56a515f78	AMQ-1650	1	1	activemq-core/src/main/java/org/apache/activemq/kaha/impl/async/AsyncDataManager.java
activemq-5.0.0-activemq-5.1.0	d11480f42c5352f1a59cd2db294fcad56a515f78	AMQ-1650	1	1	activemq-core/src/main/java/org/apache/activemq/store/amq/AMQPersistenceAdapter.java
activemq-5.0.0-activemq-5.1.0	d77d82e33d65e6482e5ec481291748578a63e001	AMQ-1620	7	3	activemq-core/src/main/java/org/apache/activemq/broker/region/virtual/CompositeDestinationFilter.java
activemq-5.0.0-activemq-5.1.0	4ba485340298e4641b5353fe835046635d77e732	AMQ-1629	14	0	activemq-core/src/main/java/org/apache/activemq/network/DemandForwardingBridgeSupport.java
activemq-5.0.0-activemq-5.1.0	5660ebc8f22e62da08546f337916a925c60b1800	AMQ-1647	17	9	activemq-core/src/main/java/org/apache/activemq/thread/PooledTaskRunner.java
activemq-5.0.0-activemq-5.1.0	5660ebc8f22e62da08546f337916a925c60b1800	AMQ-1647	92	0	activemq-core/src/test/java/org/apache/activemq/thread/PooledTaskRunnerTest.java
activemq-5.0.0-activemq-5.1.0	3eb06105d35901b7bc5daefb99cf9d4cd57ddc3d	AMQ-1631	3	1	activemq-core/src/main/java/org/apache/activemq/ActiveMQMessageConsumer.java
activemq-5.0.0-activemq-5.1.0	f1b6362dedeb6f55ae344478d1666598a8b1bfee	AMQ-1511	25	11	activemq-core/src/main/java/org/apache/activemq/broker/BrokerService.java
activemq-5.0.0-activemq-5.1.0	f1b6362dedeb6f55ae344478d1666598a8b1bfee	AMQ-1511	10	16	activemq-core/src/main/java/org/apache/activemq/broker/ft/MasterConnector.java
activemq-5.0.0-activemq-5.1.0	60ba9519143d88be99860ebf02d0491bc7106cc8	AMQ-1254	28	37	activemq-core/src/main/java/org/apache/activemq/kaha/impl/KahaStore.java
activemq-5.0.0-activemq-5.1.0	60ba9519143d88be99860ebf02d0491bc7106cc8	AMQ-1254	6	0	activemq-core/src/main/java/org/apache/activemq/kaha/impl/index/IndexManager.java
activemq-5.0.0-activemq-5.1.0	836ca817ef59dae0bc787aefe05ae43908bcdb33	AMQ-1616	0	2	activemq-core/src/main/java/org/apache/activemq/ActiveMQConnection.java
activemq-5.0.0-activemq-5.1.0	1c057a5d0a451e4f784d20a0395c447c878896b8	AMQ-1381	1	1	activemq-core/src/main/java/org/apache/activemq/transport/tcp/SslTransport.java
activemq-5.0.0-activemq-5.1.0	f66e9413a0d0cbfb8687436f70f0a8ee12faaa66	AMQ-1624	7	0	assembly/src/main/descriptors/unix-bin.xml
activemq-5.0.0-activemq-5.1.0	f66e9413a0d0cbfb8687436f70f0a8ee12faaa66	AMQ-1624	8	1	assembly/src/main/descriptors/windows-bin.xml
activemq-5.0.0-activemq-5.1.0	f66e9413a0d0cbfb8687436f70f0a8ee12faaa66	AMQ-1624	1	0	assembly/src/release/conf/activemq.xml
activemq-5.0.0-activemq-5.1.0	8d28bbfdab0ecde2a69519fbcd7054e1b55730d2	AMQ-1618	98	80	activemq-ra/src/main/java/org/apache/activemq/ra/ServerSessionPoolImpl.java
activemq-5.0.0-activemq-5.1.0	c57bad87116f18ba98bbea061111462d6b2d406c	AMQ-1618	3	2	activemq-ra/src/main/java/org/apache/activemq/ra/ServerSessionPoolImpl.java
activemq-5.0.0-activemq-5.1.0	c0b74f056290b5517cb1a0c8a1d8016245274287	AMQ-1613	30	25	activemq-core/src/main/java/org/apache/activemq/transport/failover/FailoverTransport.java
activemq-5.0.0-activemq-5.1.0	bf20d7662298094375b7d216669205448027c164	AMQ-1598	0	1	activemq-core/src/main/java/org/apache/activemq/advisory/ProducerEventSource.java
activemq-5.0.0-activemq-5.1.0	230255a47902e94a2a8cf20f2962615eb3630322	AMQ-1595	14	14	activemq-core/src/main/java/org/apache/activemq/store/amq/AMQPersistenceAdapter.java
activemq-5.0.0-activemq-5.1.0	2a153b085fce82a1cac802d96ab75fd756ac69fc	AMQ-1560	4	0	activemq-core/src/main/java/org/apache/activemq/broker/jmx/DestinationView.java
activemq-5.0.0-activemq-5.1.0	2a153b085fce82a1cac802d96ab75fd756ac69fc	AMQ-1560	9	0	activemq-core/src/main/java/org/apache/activemq/broker/jmx/DestinationViewMBean.java
activemq-5.0.0-activemq-5.1.0	2a153b085fce82a1cac802d96ab75fd756ac69fc	AMQ-1560	10	0	activemq-core/src/main/java/org/apache/activemq/broker/region/DestinationStatistics.java
activemq-5.0.0-activemq-5.1.0	2a153b085fce82a1cac802d96ab75fd756ac69fc	AMQ-1560	4	5	activemq-core/src/main/java/org/apache/activemq/broker/region/PrefetchSubscription.java
activemq-5.0.0-activemq-5.1.0	2a153b085fce82a1cac802d96ab75fd756ac69fc	AMQ-1560	52	18	activemq-core/src/main/java/org/apache/activemq/broker/region/Queue.java
activemq-5.0.0-activemq-5.1.0	2a153b085fce82a1cac802d96ab75fd756ac69fc	AMQ-1560	8	4	activemq-core/src/main/java/org/apache/activemq/broker/region/TopicSubscription.java
activemq-5.0.0-activemq-5.1.0	2a153b085fce82a1cac802d96ab75fd756ac69fc	AMQ-1560	6	6	activemq-core/src/main/java/org/apache/activemq/broker/region/cursors/StoreDurableSubscriberCursor.java
activemq-5.0.0-activemq-5.1.0	2a153b085fce82a1cac802d96ab75fd756ac69fc	AMQ-1560	1	1	activemq-core/src/main/java/org/apache/activemq/broker/region/cursors/StoreQueueCursor.java
activemq-5.0.0-activemq-5.1.0	2a153b085fce82a1cac802d96ab75fd756ac69fc	AMQ-1560	21	4	activemq-core/src/main/java/org/apache/activemq/broker/region/policy/PolicyEntry.java
activemq-5.0.0-activemq-5.1.0	2a153b085fce82a1cac802d96ab75fd756ac69fc	AMQ-1560	26	0	activemq-core/src/main/java/org/apache/activemq/kaha/IndexMBean.java
activemq-5.0.0-activemq-5.1.0	2a153b085fce82a1cac802d96ab75fd756ac69fc	AMQ-1560	5	0	activemq-core/src/main/java/org/apache/activemq/kaha/MapContainer.java
activemq-5.0.0-activemq-5.1.0	2a153b085fce82a1cac802d96ab75fd756ac69fc	AMQ-1560	12	0	activemq-core/src/main/java/org/apache/activemq/kaha/Store.java
activemq-5.0.0-activemq-5.1.0	2a153b085fce82a1cac802d96ab75fd756ac69fc	AMQ-1560	36	27	activemq-core/src/main/java/org/apache/activemq/kaha/impl/KahaStore.java
activemq-5.0.0-activemq-5.1.0	2a153b085fce82a1cac802d96ab75fd756ac69fc	AMQ-1560	31	0	activemq-core/src/main/java/org/apache/activemq/kaha/impl/container/MapContainerImpl.java
activemq-5.0.0-activemq-5.1.0	2a153b085fce82a1cac802d96ab75fd756ac69fc	AMQ-1560	1	0	activemq-core/src/main/java/org/apache/activemq/kaha/impl/data/DataManagerImpl.java
activemq-5.0.0-activemq-5.1.0	2a153b085fce82a1cac802d96ab75fd756ac69fc	AMQ-1560	6	0	activemq-core/src/main/java/org/apache/activemq/kaha/impl/index/Index.java
activemq-5.0.0-activemq-5.1.0	2a153b085fce82a1cac802d96ab75fd756ac69fc	AMQ-1560	7	2	activemq-core/src/main/java/org/apache/activemq/kaha/impl/index/VMIndex.java
activemq-5.0.0-activemq-5.1.0	2a153b085fce82a1cac802d96ab75fd756ac69fc	AMQ-1560	3	2	activemq-core/src/main/java/org/apache/activemq/kaha/impl/index/hash/HashBin.java
activemq-5.0.0-activemq-5.1.0	2a153b085fce82a1cac802d96ab75fd756ac69fc	AMQ-1560	21	3	activemq-core/src/main/java/org/apache/activemq/kaha/impl/index/hash/HashIndex.java
activemq-5.0.0-activemq-5.1.0	2a153b085fce82a1cac802d96ab75fd756ac69fc	AMQ-1560	70	0	activemq-core/src/main/java/org/apache/activemq/kaha/impl/index/hash/HashIndexMBean.java
activemq-5.0.0-activemq-5.1.0	2a153b085fce82a1cac802d96ab75fd756ac69fc	AMQ-1560	4	0	activemq-core/src/main/java/org/apache/activemq/kaha/impl/index/tree/TreeIndex.java
activemq-5.0.0-activemq-5.1.0	2a153b085fce82a1cac802d96ab75fd756ac69fc	AMQ-1560	0	1	activemq-core/src/main/java/org/apache/activemq/network/ConduitBridge.java
activemq-5.0.0-activemq-5.1.0	2a153b085fce82a1cac802d96ab75fd756ac69fc	AMQ-1560	11	3	activemq-core/src/main/java/org/apache/activemq/network/DemandForwardingBridgeSupport.java
activemq-5.0.0-activemq-5.1.0	2a153b085fce82a1cac802d96ab75fd756ac69fc	AMQ-1560	12	0	activemq-core/src/main/java/org/apache/activemq/store/ReferenceStoreAdapter.java
activemq-5.0.0-activemq-5.1.0	2a153b085fce82a1cac802d96ab75fd756ac69fc	AMQ-1560	18	1	activemq-core/src/main/java/org/apache/activemq/store/amq/AMQPersistenceAdapter.java
activemq-5.0.0-activemq-5.1.0	2a153b085fce82a1cac802d96ab75fd756ac69fc	AMQ-1560	10	4	activemq-core/src/main/java/org/apache/activemq/store/kahadaptor/KahaPersistenceAdapter.java
activemq-5.0.0-activemq-5.1.0	2a153b085fce82a1cac802d96ab75fd756ac69fc	AMQ-1560	4	6	activemq-core/src/main/java/org/apache/activemq/store/kahadaptor/KahaReferenceStoreAdapter.java
activemq-5.0.0-activemq-5.1.0	2a153b085fce82a1cac802d96ab75fd756ac69fc	AMQ-1560	5	35	activemq-core/src/main/java/org/apache/activemq/store/kahadaptor/KahaTopicReferenceStore.java
activemq-5.0.0-activemq-5.1.0	2a153b085fce82a1cac802d96ab75fd756ac69fc	AMQ-1560	5	5	activemq-core/src/main/java/org/apache/activemq/store/memory/MemoryTopicMessageStore.java
activemq-5.0.0-activemq-5.1.0	2a153b085fce82a1cac802d96ab75fd756ac69fc	AMQ-1560	3	3	activemq-core/src/main/java/org/apache/activemq/store/memory/MemoryTopicSub.java
activemq-5.0.0-activemq-5.1.0	2a153b085fce82a1cac802d96ab75fd756ac69fc	AMQ-1560	24	5	activemq-core/src/main/java/org/apache/activemq/transport/failover/FailoverTransport.java
activemq-5.0.0-activemq-5.1.0	2a153b085fce82a1cac802d96ab75fd756ac69fc	AMQ-1560	26	7	activemq-core/src/main/java/org/apache/activemq/util/IOHelper.java
activemq-5.0.0-activemq-5.1.0	2a153b085fce82a1cac802d96ab75fd756ac69fc	AMQ-1560	95	0	activemq-core/src/test/java/org/apache/activemq/QueueConsumerPriorityTest.java
activemq-5.0.0-activemq-5.1.0	2a153b085fce82a1cac802d96ab75fd756ac69fc	AMQ-1560	2	1	activemq-core/src/test/java/org/apache/activemq/broker/RecoveryBrokerTest.java
activemq-5.0.0-activemq-5.1.0	13af1e36fbb11263afa93588e59f4b106ebe20bf	AMQ-1576	13	13	activemq-core/src/main/java/org/apache/activemq/ActiveMQMessageTransformation.java
activemq-5.0.0-activemq-5.1.0	13af1e36fbb11263afa93588e59f4b106ebe20bf	AMQ-1576	36	35	activemq-core/src/main/java/org/apache/activemq/command/ActiveMQMessage.java
activemq-5.0.0-activemq-5.1.0	40950bc4b8007279a354b66f74a9b43784d5d17e	AMQ-1580	3	2	activemq-core/src/main/java/org/apache/activemq/ActiveMQInputStream.java
activemq-5.0.0-activemq-5.1.0	40950bc4b8007279a354b66f74a9b43784d5d17e	AMQ-1580	12	10	activemq-core/src/main/java/org/apache/activemq/ActiveMQOutputStream.java
activemq-5.0.0-activemq-5.1.0	40950bc4b8007279a354b66f74a9b43784d5d17e	AMQ-1580	86	0	activemq-core/src/test/java/org/apache/activemq/ActiveMQInputStreamTest.java
activemq-5.0.0-activemq-5.1.0	4a8ade0fae3e38f5c45e4c1c2fbc71afeddabede	AMQ-1565	1	1	activemq-core/src/main/java/org/apache/activemq/broker/BrokerFactory.java
activemq-5.0.0-activemq-5.1.0	4a8ade0fae3e38f5c45e4c1c2fbc71afeddabede	AMQ-1565	20	15	pom.xml
activemq-5.0.0-activemq-5.1.0	213c3ae379d1a4445def44f441590153f369dc61	AMQ-1584	25	3	activemq-core/src/main/java/org/apache/activemq/util/ClassLoadingAwareObjectInputStream.java
activemq-5.0.0-activemq-5.1.0	2747573f6648ad4c1de2543244c260b75e4e343b	AMQ-1583	1	1	activemq-core/src/main/java/org/apache/activemq/broker/region/cursors/StoreDurableSubscriberCursor.java
activemq-5.0.0-activemq-5.1.0	1a6cbfa651382286e622c4c9f9c68a4fd55cfffd	AMQ-1446	7	0	activemq-core/src/main/java/org/apache/activemq/store/memory/MemoryPersistenceAdapter.java
activemq-5.0.0-activemq-5.1.0	6c52d289851c10de642677601e37a890ca08472d	AMQ-1116	9	2	activemq-core/src/main/java/org/apache/activemq/pool/ConnectionPool.java
activemq-5.0.0-activemq-5.1.0	6c52d289851c10de642677601e37a890ca08472d	AMQ-1116	59	3	activemq-core/src/main/java/org/apache/activemq/transport/failover/FailoverTransport.java
activemq-5.0.0-activemq-5.1.0	55810b3155dd3488635626b96eec3b3157fd3c78	AMQ-1566	6	0	activemq-core/src/main/java/org/apache/activemq/broker/region/DurableTopicSubscription.java
activemq-5.0.0-activemq-5.1.0	55810b3155dd3488635626b96eec3b3157fd3c78	AMQ-1566	24	26	activemq-core/src/main/java/org/apache/activemq/broker/region/PrefetchSubscription.java
activemq-5.0.0-activemq-5.1.0	55810b3155dd3488635626b96eec3b3157fd3c78	AMQ-1566	19	4	activemq-core/src/main/java/org/apache/activemq/broker/region/cursors/AbstractPendingMessageCursor.java
activemq-5.0.0-activemq-5.1.0	55810b3155dd3488635626b96eec3b3157fd3c78	AMQ-1566	14	0	activemq-core/src/main/java/org/apache/activemq/broker/region/cursors/PendingMessageCursor.java
activemq-5.0.0-activemq-5.1.0	55810b3155dd3488635626b96eec3b3157fd3c78	AMQ-1566	1	0	activemq-core/src/main/java/org/apache/activemq/broker/region/cursors/StoreDurableSubscriberCursor.java
activemq-5.0.0-activemq-5.1.0	55810b3155dd3488635626b96eec3b3157fd3c78	AMQ-1566	2	0	activemq-core/src/main/java/org/apache/activemq/broker/region/cursors/StoreQueueCursor.java
activemq-5.0.0-activemq-5.1.0	55810b3155dd3488635626b96eec3b3157fd3c78	AMQ-1566	8	12	activemq-core/src/main/java/org/apache/activemq/broker/region/cursors/TopicStorePrefetch.java
activemq-5.0.0-activemq-5.1.0	55810b3155dd3488635626b96eec3b3157fd3c78	AMQ-1566	1	1	activemq-core/src/test/java/org/apache/activemq/bugs/JmsDurableTopicSlowReceiveTest.java
activemq-5.0.0-activemq-5.1.0	23cda2d6bb1b442d4ac1a68182ddf233075f2677	AMQ-1562	6	6	activemq-core/src/main/java/org/apache/activemq/broker/jmx/BrokerView.java
activemq-5.0.0-activemq-5.1.0	23cda2d6bb1b442d4ac1a68182ddf233075f2677	AMQ-1562	5	5	activemq-core/src/main/java/org/apache/activemq/broker/jmx/BrokerViewMBean.java
activemq-5.0.0-activemq-5.1.0	23cda2d6bb1b442d4ac1a68182ddf233075f2677	AMQ-1562	3	3	activemq-core/src/main/java/org/apache/activemq/broker/jmx/DestinationView.java
activemq-5.0.0-activemq-5.1.0	23cda2d6bb1b442d4ac1a68182ddf233075f2677	AMQ-1562	3	3	activemq-core/src/main/java/org/apache/activemq/broker/jmx/DestinationViewMBean.java
activemq-5.0.0-activemq-5.1.0	23cda2d6bb1b442d4ac1a68182ddf233075f2677	AMQ-1562	1	4	activemq-core/src/main/java/org/apache/activemq/broker/region/BaseDestination.java
activemq-5.0.0-activemq-5.1.0	23cda2d6bb1b442d4ac1a68182ddf233075f2677	AMQ-1562	3	3	activemq-core/src/main/java/org/apache/activemq/broker/region/DestinationFactoryImpl.java
activemq-5.0.0-activemq-5.1.0	23cda2d6bb1b442d4ac1a68182ddf233075f2677	AMQ-1562	2	9	activemq-core/src/main/java/org/apache/activemq/broker/region/DurableTopicSubscription.java
activemq-5.0.0-activemq-5.1.0	23cda2d6bb1b442d4ac1a68182ddf233075f2677	AMQ-1562	8	12	activemq-core/src/main/java/org/apache/activemq/broker/region/Queue.java
activemq-5.0.0-activemq-5.1.0	23cda2d6bb1b442d4ac1a68182ddf233075f2677	AMQ-1562	6	2	activemq-core/src/main/java/org/apache/activemq/broker/region/RegionBroker.java
activemq-5.0.0-activemq-5.1.0	23cda2d6bb1b442d4ac1a68182ddf233075f2677	AMQ-1562	1	1	activemq-core/src/main/java/org/apache/activemq/broker/region/TempQueueRegion.java
activemq-5.0.0-activemq-5.1.0	23cda2d6bb1b442d4ac1a68182ddf233075f2677	AMQ-1562	4	3	activemq-core/src/main/java/org/apache/activemq/broker/region/Topic.java
activemq-5.0.0-activemq-5.1.0	23cda2d6bb1b442d4ac1a68182ddf233075f2677	AMQ-1562	3	4	activemq-core/src/main/java/org/apache/activemq/broker/region/TopicSubscription.java
activemq-5.0.0-activemq-5.1.0	23cda2d6bb1b442d4ac1a68182ddf233075f2677	AMQ-1562	104	29	activemq-core/src/main/java/org/apache/activemq/broker/region/cursors/FilePendingMessageCursor.java
activemq-5.0.0-activemq-5.1.0	23cda2d6bb1b442d4ac1a68182ddf233075f2677	AMQ-1562	1	1	activemq-core/src/main/java/org/apache/activemq/broker/region/cursors/QueueStorePrefetch.java
activemq-5.0.0-activemq-5.1.0	23cda2d6bb1b442d4ac1a68182ddf233075f2677	AMQ-1562	6	3	activemq-core/src/main/java/org/apache/activemq/broker/region/cursors/StoreDurableSubscriberCursor.java
activemq-5.0.0-activemq-5.1.0	23cda2d6bb1b442d4ac1a68182ddf233075f2677	AMQ-1562	5	4	activemq-core/src/main/java/org/apache/activemq/broker/region/cursors/StoreQueueCursor.java
activemq-5.0.0-activemq-5.1.0	23cda2d6bb1b442d4ac1a68182ddf233075f2677	AMQ-1562	5	4	activemq-core/src/main/java/org/apache/activemq/broker/region/policy/FilePendingDurableSubscriberMessageStoragePolicy.java
activemq-5.0.0-activemq-5.1.0	23cda2d6bb1b442d4ac1a68182ddf233075f2677	AMQ-1562	4	4	activemq-core/src/main/java/org/apache/activemq/broker/region/policy/FilePendingQueueMessageStoragePolicy.java
activemq-5.0.0-activemq-5.1.0	23cda2d6bb1b442d4ac1a68182ddf233075f2677	AMQ-1562	4	5	activemq-core/src/main/java/org/apache/activemq/broker/region/policy/FilePendingSubscriberMessageStoragePolicy.java
activemq-5.0.0-activemq-5.1.0	23cda2d6bb1b442d4ac1a68182ddf233075f2677	AMQ-1562	4	3	activemq-core/src/main/java/org/apache/activemq/broker/region/policy/PendingDurableSubscriberMessageStoragePolicy.java
activemq-5.0.0-activemq-5.1.0	23cda2d6bb1b442d4ac1a68182ddf233075f2677	AMQ-1562	3	3	activemq-core/src/main/java/org/apache/activemq/broker/region/policy/PendingQueueMessageStoragePolicy.java
activemq-5.0.0-activemq-5.1.0	23cda2d6bb1b442d4ac1a68182ddf233075f2677	AMQ-1562	3	3	activemq-core/src/main/java/org/apache/activemq/broker/region/policy/PendingSubscriberMessageStoragePolicy.java
activemq-5.0.0-activemq-5.1.0	23cda2d6bb1b442d4ac1a68182ddf233075f2677	AMQ-1562	6	7	activemq-core/src/main/java/org/apache/activemq/broker/region/policy/PolicyEntry.java
activemq-5.0.0-activemq-5.1.0	23cda2d6bb1b442d4ac1a68182ddf233075f2677	AMQ-1562	5	3	activemq-core/src/main/java/org/apache/activemq/broker/region/policy/StorePendingDurableSubscriberMessageStoragePolicy.java
activemq-5.0.0-activemq-5.1.0	23cda2d6bb1b442d4ac1a68182ddf233075f2677	AMQ-1562	4	4	activemq-core/src/main/java/org/apache/activemq/broker/region/policy/StorePendingQueueMessageStoragePolicy.java
activemq-5.0.0-activemq-5.1.0	23cda2d6bb1b442d4ac1a68182ddf233075f2677	AMQ-1562	4	4	activemq-core/src/main/java/org/apache/activemq/broker/region/policy/VMPendingDurableSubscriberMessageStoragePolicy.java
activemq-5.0.0-activemq-5.1.0	23cda2d6bb1b442d4ac1a68182ddf233075f2677	AMQ-1562	3	3	activemq-core/src/main/java/org/apache/activemq/broker/region/policy/VMPendingQueueMessageStoragePolicy.java
activemq-5.0.0-activemq-5.1.0	23cda2d6bb1b442d4ac1a68182ddf233075f2677	AMQ-1562	3	4	activemq-core/src/main/java/org/apache/activemq/broker/region/policy/VMPendingSubscriberMessageStoragePolicy.java
activemq-5.0.0-activemq-5.1.0	17e22cff6f283df3dd27ac2415d56a39a7545603	AMQ-1475	1	1	activemq-core/src/main/java/org/apache/activemq/usage/Usage.java
activemq-5.0.0-activemq-5.1.0	01cef910dbde1e8fe2fa977f982d7d1aa407a895	AMQ-1560	1	1	activemq-core/src/main/java/org/apache/activemq/store/kahadaptor/KahaTopicReferenceStore.java
activemq-5.0.0-activemq-5.1.0	1f2804a76a9ed02b68fd7b2392baf4efd0d34fe2	AMQ-1559	10	5	activemq-core/src/main/java/org/apache/activemq/store/amq/AMQTopicMessageStore.java
activemq-5.0.0-activemq-5.1.0	83c3dca9e50e216cce5cc3af7c040195b9ff81f5	AMQ-1510	26	1	activemq-core/src/main/java/org/apache/activemq/broker/jmx/BrokerView.java
activemq-5.0.0-activemq-5.1.0	83c3dca9e50e216cce5cc3af7c040195b9ff81f5	AMQ-1510	13	0	activemq-core/src/main/java/org/apache/activemq/broker/jmx/BrokerViewMBean.java
activemq-5.0.0-activemq-5.1.0	83c3dca9e50e216cce5cc3af7c040195b9ff81f5	AMQ-1510	50	3	activemq-core/src/main/java/org/apache/activemq/broker/jmx/DestinationView.java
activemq-5.0.0-activemq-5.1.0	83c3dca9e50e216cce5cc3af7c040195b9ff81f5	AMQ-1510	55	0	activemq-core/src/main/java/org/apache/activemq/broker/jmx/DestinationViewMBean.java
activemq-5.0.0-activemq-5.1.0	83c3dca9e50e216cce5cc3af7c040195b9ff81f5	AMQ-1510	12	1	activemq-core/src/main/java/org/apache/activemq/broker/region/BaseDestination.java
activemq-5.0.0-activemq-5.1.0	83c3dca9e50e216cce5cc3af7c040195b9ff81f5	AMQ-1510	17	1	activemq-core/src/main/java/org/apache/activemq/broker/region/Destination.java
activemq-5.0.0-activemq-5.1.0	83c3dca9e50e216cce5cc3af7c040195b9ff81f5	AMQ-1510	1	0	activemq-core/src/main/java/org/apache/activemq/broker/region/DestinationFactoryImpl.java
activemq-5.0.0-activemq-5.1.0	83c3dca9e50e216cce5cc3af7c040195b9ff81f5	AMQ-1510	30	2	activemq-core/src/main/java/org/apache/activemq/broker/region/DestinationFilter.java
activemq-5.0.0-activemq-5.1.0	83c3dca9e50e216cce5cc3af7c040195b9ff81f5	AMQ-1510	17	5	activemq-core/src/main/java/org/apache/activemq/broker/region/DurableTopicSubscription.java
activemq-5.0.0-activemq-5.1.0	83c3dca9e50e216cce5cc3af7c040195b9ff81f5	AMQ-1510	9	3	activemq-core/src/main/java/org/apache/activemq/broker/region/Queue.java
activemq-5.0.0-activemq-5.1.0	83c3dca9e50e216cce5cc3af7c040195b9ff81f5	AMQ-1510	0	2	activemq-core/src/main/java/org/apache/activemq/broker/region/RegionBroker.java
activemq-5.0.0-activemq-5.1.0	83c3dca9e50e216cce5cc3af7c040195b9ff81f5	AMQ-1510	12	2	activemq-core/src/main/java/org/apache/activemq/broker/region/Topic.java
activemq-5.0.0-activemq-5.1.0	83c3dca9e50e216cce5cc3af7c040195b9ff81f5	AMQ-1510	10	2	activemq-core/src/main/java/org/apache/activemq/broker/region/TopicRegion.java
activemq-5.0.0-activemq-5.1.0	83c3dca9e50e216cce5cc3af7c040195b9ff81f5	AMQ-1510	2	2	activemq-core/src/main/java/org/apache/activemq/broker/region/policy/PolicyEntry.java
activemq-5.0.0-activemq-5.1.0	83c3dca9e50e216cce5cc3af7c040195b9ff81f5	AMQ-1510	1	1	activemq-core/src/main/java/org/apache/activemq/command/Message.java
activemq-5.0.0-activemq-5.1.0	caf7a7c7c2d1f3491b3650bb1ea73ea999db2bfb	AMQ-1556	114	100	activemq-core/src/main/java/org/apache/activemq/ActiveMQMessageConsumer.java
activemq-5.0.0-activemq-5.1.0	8d11f07a96fe4e2a0a338e68c9785438813d53b6	AMQ-1553	2	3	activemq-core/src/main/java/org/apache/activemq/advisory/AdvisoryBroker.java
activemq-5.0.0-activemq-5.1.0	8d11f07a96fe4e2a0a338e68c9785438813d53b6	AMQ-1553	1	0	activemq-core/src/main/java/org/apache/activemq/advisory/ProducerEventSource.java
activemq-5.0.0-activemq-5.1.0	8d11f07a96fe4e2a0a338e68c9785438813d53b6	AMQ-1553	59	0	activemq-core/src/main/java/org/apache/activemq/broker/region/BaseDestination.java
activemq-5.0.0-activemq-5.1.0	8d11f07a96fe4e2a0a338e68c9785438813d53b6	AMQ-1553	107	151	activemq-core/src/main/java/org/apache/activemq/broker/region/Queue.java
activemq-5.0.0-activemq-5.1.0	8d11f07a96fe4e2a0a338e68c9785438813d53b6	AMQ-1553	3	7	activemq-core/src/main/java/org/apache/activemq/broker/region/QueueSubscription.java
activemq-5.0.0-activemq-5.1.0	8d11f07a96fe4e2a0a338e68c9785438813d53b6	AMQ-1553	1	0	activemq-core/src/main/java/org/apache/activemq/broker/region/RegionBroker.java
activemq-5.0.0-activemq-5.1.0	8d11f07a96fe4e2a0a338e68c9785438813d53b6	AMQ-1553	23	66	activemq-core/src/main/java/org/apache/activemq/broker/region/Topic.java
activemq-5.0.0-activemq-5.1.0	8d11f07a96fe4e2a0a338e68c9785438813d53b6	AMQ-1553	15	13	activemq-core/src/main/java/org/apache/activemq/broker/region/policy/SimpleDispatchPolicy.java
activemq-5.0.0-activemq-5.1.0	a28ccae9fb86aa1a7b316fbeb7f9e6658f9a8f7b	AMQ-775	7	5	activemq-core/src/main/java/org/apache/activemq/broker/TransportConnection.java
activemq-5.0.0-activemq-5.1.0	a28ccae9fb86aa1a7b316fbeb7f9e6658f9a8f7b	AMQ-775	11	7	activemq-core/src/main/java/org/apache/activemq/broker/TransportConnector.java
activemq-5.0.0-activemq-5.1.0	a28ccae9fb86aa1a7b316fbeb7f9e6658f9a8f7b	AMQ-775	74	0	activemq-core/src/test/java/org/apache/activemq/broker/message/security/MessageAuthenticationTest.java
activemq-5.0.0-activemq-5.1.0	a28ccae9fb86aa1a7b316fbeb7f9e6658f9a8f7b	AMQ-775	145	0	activemq-core/src/test/java/org/apache/activemq/camel/CamelEmbeddedBrokerTestSupport.java
activemq-5.0.0-activemq-5.1.0	3163d48eb16ac141bd88acda17a582f7167750c6	AMQ-1542	1	0	activemq-core/src/main/java/org/apache/activemq/network/DemandForwardingBridgeSupport.java
activemq-5.0.0-activemq-5.1.0	43d58b57b7b2ab0a1aacb38c027d01146f44ccea	AMQ-1519	32	8	activemq-ra/src/main/java/org/apache/activemq/ra/ActiveMQResourceAdapter.java
activemq-5.0.0-activemq-5.1.0	a0b3e3211ee1b32a725c9d86b45c53858a2bee99	AMQ-1533	12	10	activemq-core/src/main/java/org/apache/activemq/store/kahadaptor/KahaTopicReferenceStore.java
activemq-5.0.0-activemq-5.1.0	9f94b6c509e082914537dd2897588f4c5240e474	AMQ-1528	1	0	activemq-core/src/main/java/org/apache/activemq/kaha/impl/index/hash/HashBin.java
activemq-5.0.0-activemq-5.1.0	471ea330511a0bd86bb944de36b862be624138e3	AMQ-1272	68	31	activemq-core/src/main/java/org/apache/activemq/transport/stomp/ProtocolConverter.java
activemq-5.0.0-activemq-5.1.0	471ea330511a0bd86bb944de36b862be624138e3	AMQ-1272	14	2	activemq-core/src/test/java/org/apache/activemq/transport/stomp/StompConnection.java
activemq-5.0.0-activemq-5.1.0	471ea330511a0bd86bb944de36b862be624138e3	AMQ-1272	81	27	activemq-core/src/test/java/org/apache/activemq/transport/stomp/StompTest.java
activemq-5.0.0-activemq-5.1.0	462921addf57be084bec4c626884b61e0d71b30c	AMQ-1524	1	1	activemq-core/src/main/java/org/apache/activemq/ActiveMQConnection.java
activemq-5.0.0-activemq-5.1.0	1d7b88431a9d8949291446558b9913794cc51556	AMQ-1528	1	1	activemq-core/src/main/java/org/apache/activemq/broker/region/AbstractSubscription.java
activemq-5.0.0-activemq-5.1.0	1d7b88431a9d8949291446558b9913794cc51556	AMQ-1528	6	6	activemq-core/src/main/java/org/apache/activemq/kaha/impl/index/hash/HashBin.java
activemq-5.0.0-activemq-5.1.0	1d7b88431a9d8949291446558b9913794cc51556	AMQ-1528	1	1	activemq-core/src/main/java/org/apache/activemq/kaha/impl/index/hash/HashIndex.java
activemq-5.0.0-activemq-5.1.0	1d7b88431a9d8949291446558b9913794cc51556	AMQ-1528	1	1	activemq-core/src/main/java/org/apache/activemq/kaha/impl/index/hash/HashPageInfo.java
activemq-5.0.0-activemq-5.1.0	de144401093acbee6e7b8a6d20048cc62af85161	AMQ-1525	1	11	activemq-core/src/main/java/org/apache/activemq/thread/Scheduler.java
activemq-5.0.0-activemq-5.1.0	de144401093acbee6e7b8a6d20048cc62af85161	AMQ-1525	35	0	activemq-core/src/main/java/org/apache/activemq/thread/SchedulerTimerTask.java
activemq-5.0.0-activemq-5.1.0	de144401093acbee6e7b8a6d20048cc62af85161	AMQ-1525	61	25	activemq-core/src/main/java/org/apache/activemq/transport/InactivityMonitor.java
activemq-5.0.0-activemq-5.1.0	de144401093acbee6e7b8a6d20048cc62af85161	AMQ-1525	7	3	activemq-core/src/test/java/org/apache/activemq/perf/SimpleTopicTest.java
activemq-5.0.0-activemq-5.1.0	a32832f4cb4e523880de73c350352e7a9f106ecc	AMQ-1521	6	2	activemq-core/src/main/java/org/apache/activemq/network/DemandForwardingBridgeSupport.java
activemq-5.0.0-activemq-5.1.0	628842f69a47d1bbf02e70dd0405e28ed649efb3	AMQ-1518	1	1	activemq-core/src/main/java/org/apache/activemq/thread/TaskRunnerFactory.java
activemq-5.0.0-activemq-5.1.0	a3b4c5a3580217c248b47539e125e3fa70adf276	AMQ-1507	1	0	activemq-core/src/main/java/org/apache/activemq/broker/BrokerService.java
activemq-5.0.0-activemq-5.1.0	a3b4c5a3580217c248b47539e125e3fa70adf276	AMQ-1507	4	3	activemq-core/src/main/java/org/apache/activemq/store/amq/AMQPersistenceAdapter.java
activemq-5.0.0-activemq-5.1.0	92bbce1d6fa6bc3d470fd12133f0303042eb729e	AMQ-1507	0	1	activemq-core/src/test/java/org/apache/activemq/broker/ft/QueueMasterSlaveTest.java
activemq-5.0.0-activemq-5.1.0	1c4ef90ff3ee1e42873df25e0e318fa8d2d0e83c	AMQ-1507	14	0	activemq-core/src/main/java/org/apache/activemq/kaha/Store.java
activemq-5.0.0-activemq-5.1.0	1c4ef90ff3ee1e42873df25e0e318fa8d2d0e83c	AMQ-1507	5	4	activemq-core/src/main/java/org/apache/activemq/kaha/impl/KahaStore.java
activemq-5.0.0-activemq-5.1.0	1c4ef90ff3ee1e42873df25e0e318fa8d2d0e83c	AMQ-1507	96	2	activemq-core/src/main/java/org/apache/activemq/store/amq/AMQPersistenceAdapter.java
activemq-5.0.0-activemq-5.1.0	1c4ef90ff3ee1e42873df25e0e318fa8d2d0e83c	AMQ-1507	1	0	activemq-core/src/main/java/org/apache/activemq/store/amq/RecoveryListenerAdapter.java
activemq-5.0.0-activemq-5.1.0	1c4ef90ff3ee1e42873df25e0e318fa8d2d0e83c	AMQ-1507	3	2	activemq-core/src/main/java/org/apache/activemq/store/kahadaptor/KahaReferenceStoreAdapter.java
activemq-5.0.0-activemq-5.1.0	1c4ef90ff3ee1e42873df25e0e318fa8d2d0e83c	AMQ-1507	5	1	activemq-core/src/main/java/org/apache/activemq/util/BitArrayBin.java
activemq-5.0.0-activemq-5.1.0	1c4ef90ff3ee1e42873df25e0e318fa8d2d0e83c	AMQ-1507	17	8	activemq-core/src/test/java/org/apache/activemq/broker/ft/QueueMasterSlaveTest.java
activemq-5.0.0-activemq-5.1.0	1c4ef90ff3ee1e42873df25e0e318fa8d2d0e83c	AMQ-1507	50	0	activemq-core/src/test/java/org/apache/activemq/broker/ft/QueueMasterSlaveTestUsingSharedFileTest.java
activemq-5.0.0-activemq-5.1.0	8c541377bdba9baaf06779e0d8095727a7628f1a	AMQ-1490	14	6	activemq-core/src/main/java/org/apache/activemq/store/amq/AMQMessageStore.java
activemq-5.0.0-activemq-5.1.0	8c541377bdba9baaf06779e0d8095727a7628f1a	AMQ-1490	0	8	activemq-core/src/main/java/org/apache/activemq/store/amq/AMQTopicMessageStore.java
